{"cameraMode":{"drawMode":0,"name":"Shaded","section":"Shading Mode"},"sceneLighting":false,"audioPlay":false,"sceneViewState":{"m_AlwaysRefresh":false,"showFog":true,"showSkybox":true,"showFlares":true,"showImageEffects":true,"showParticleSystems":true,"showVisualEffectGraphs":true,"m_FxEnabled":true},"in2DMode":false,"pivot":{"x":68.42710876464844,"y":17.5862979888916,"z":77.15607452392578},"rotation":{"x":0.025430573150515558,"y":0.4086323082447052,"z":-0.011465468443930149,"w":0.9123128056526184},"size":1.0794252157211304,"orthographic":false}