{"cameraMode":{"drawMode":0,"name":"Shaded","section":"Shading Mode"},"sceneLighting":false,"audioPlay":false,"sceneViewState":{"m_AlwaysRefresh":false,"showFog":true,"showSkybox":true,"showFlares":true,"showImageEffects":true,"showParticleSystems":true,"showVisualEffectGraphs":true,"m_FxEnabled":true},"in2DMode":false,"pivot":{"x":-118.1530990600586,"y":10.911197662353516,"z":184.30238342285157},"rotation":{"x":0.14295099675655366,"y":0.2757144570350647,"z":-0.04147140309214592,"w":0.9496651291847229},"size":4.7082366943359379,"orthographic":false}