{"cameraMode":{"drawMode":0,"name":"Shaded","section":"Shading Mode"},"sceneLighting":false,"audioPlay":false,"sceneViewState":{"m_AlwaysRefresh":false,"showFog":true,"showSkybox":true,"showFlares":true,"showImageEffects":true,"showParticleSystems":true,"showVisualEffectGraphs":true,"m_FxEnabled":true},"in2DMode":false,"pivot":{"x":40.522727966308597,"y":6.527880668640137,"z":93.52900695800781},"rotation":{"x":-0.027599366381764413,"y":0.004115296993404627,"z":0.000041604329453548416,"w":0.9996469020843506},"size":73.57583618164063,"orthographic":false}