{"cameraMode":{"drawMode":0,"name":"Shaded","section":"Shading Mode"},"sceneLighting":true,"audioPlay":false,"sceneViewState":{"showFog":true,"showMaterialUpdate":true,"showSkybox":true,"showFlares":true,"showImageEffects":true,"showParticleSystems":true},"in2DMode":false,"pivot":{"x":154.94647216796876,"y":326.8721618652344,"z":-139.97113037109376},"rotation":{"x":-0.024630233645439149,"y":0.973565936088562,"z":-0.18774183094501496,"w":-0.12778016924858094},"size":863.394287109375,"orthographic":false}