{"cameraMode":{"drawMode":0,"name":"Shaded","section":"Shading Mode"},"sceneLighting":true,"audioPlay":false,"sceneViewState":{"showFog":true,"showMaterialUpdate":false,"showSkybox":true,"showFlares":true,"showImageEffects":true,"showParticleSystems":true},"in2DMode":false,"pivot":{"x":79.80552673339844,"y":-66.25796508789063,"z":-29.668853759765626},"rotation":{"x":-0.016821270808577539,"y":-0.9556521773338318,"z":0.2887198328971863,"w":-0.05568574741482735},"size":187.0934295654297,"orthographic":false}