{"cameraMode":{"drawMode":0,"name":"Shaded","section":"Shading Mode"},"sceneLighting":true,"audioPlay":false,"sceneViewState":{"showFog":true,"showMaterialUpdate":true,"showSkybox":true,"showFlares":true,"showImageEffects":true,"showParticleSystems":true},"in2DMode":false,"pivot":{"x":70.05611419677735,"y":36.86334228515625,"z":21.079858779907228},"rotation":{"x":0.3771214485168457,"y":-0.08705508708953858,"z":0.035631027072668079,"w":0.9213755130767822},"size":54.76970672607422,"orthographic":false}