{"cameraMode":{"drawMode":0,"name":"Shaded","section":"Shading Mode"},"sceneLighting":true,"audioPlay":false,"sceneViewState":{"showFog":true,"showMaterialUpdate":false,"showSkybox":true,"showFlares":true,"showImageEffects":true,"showParticleSystems":true},"in2DMode":false,"pivot":{"x":-11.689931869506836,"y":59.822235107421878,"z":506.4368591308594},"rotation":{"x":-0.7389392256736755,"y":-0.22530972957611085,"z":0.29650843143463137,"w":-0.5615081787109375},"size":82.12174987792969,"orthographic":false}