{"cameraMode":{"drawMode":0,"name":"Shaded","section":"Shading Mode"},"sceneLighting":true,"audioPlay":false,"sceneViewState":{"showFog":true,"showMaterialUpdate":true,"showSkybox":true,"showFlares":true,"showImageEffects":true,"showParticleSystems":true},"in2DMode":false,"pivot":{"x":490.6310119628906,"y":258.2986145019531,"z":21.658092498779298},"rotation":{"x":0.30251544713974,"y":-0.03116426430642605,"z":0.009896437637507916,"w":0.9525843858718872},"size":19.94319725036621,"orthographic":false}