{"cameraMode":{"drawMode":0,"name":"Shaded","section":"Shading Mode"},"sceneLighting":true,"audioPlay":false,"sceneViewState":{"showFog":true,"showMaterialUpdate":true,"showSkybox":true,"showFlares":true,"showImageEffects":true,"showParticleSystems":true},"in2DMode":false,"pivot":{"x":68.11489868164063,"y":13.83480453491211,"z":77.9642105102539},"rotation":{"x":0.07157758623361588,"y":0.8154182434082031,"z":-0.10328978300094605,"w":0.5650691390037537},"size":2.6315505504608156,"orthographic":false}