{"cameraMode":{"drawMode":0,"name":"Shaded","section":"Shading Mode"},"sceneLighting":true,"audioPlay":false,"sceneViewState":{"showFog":true,"showMaterialUpdate":true,"showSkybox":true,"showFlares":true,"showImageEffects":true,"showParticleSystems":true},"in2DMode":false,"pivot":{"x":52.16537857055664,"y":22.254379272460939,"z":38.208805084228519},"rotation":{"x":-0.09497426450252533,"y":0.5557774305343628,"z":-0.06530767679214478,"w":-0.8234466314315796},"size":8.916451454162598,"orthographic":false}