{"cameraMode":{"drawMode":0,"name":"Shaded","section":"Shading Mode"},"sceneLighting":true,"audioPlay":false,"sceneViewState":{"showFog":true,"showMaterialUpdate":true,"showSkybox":true,"showFlares":true,"showImageEffects":true,"showParticleSystems":true},"in2DMode":false,"pivot":{"x":64.86911010742188,"y":23.449447631835939,"z":86.78417205810547},"rotation":{"x":0.15938034653663636,"y":0.6530443429946899,"z":-0.143292635679245,"w":0.7263613939285278},"size":8.387466430664063,"orthographic":false}