{"cameraMode":{"drawMode":0,"name":"Shaded","section":"Shading Mode"},"sceneLighting":true,"audioPlay":false,"sceneViewState":{"showFog":true,"showMaterialUpdate":true,"showSkybox":true,"showFlares":true,"showImageEffects":true,"showParticleSystems":true},"in2DMode":false,"pivot":{"x":87.29669189453125,"y":18.296045303344728,"z":55.439762115478519},"rotation":{"x":-0.0889110267162323,"y":-0.8884297013282776,"z":0.19181227684020997,"w":-0.4076845049858093},"size":4.604959487915039,"orthographic":false}