{"cameraMode":{"drawMode":0,"name":"Shaded","section":"Shading Mode"},"sceneLighting":true,"audioPlay":false,"sceneViewState":{"showFog":true,"showMaterialUpdate":false,"showSkybox":true,"showFlares":true,"showImageEffects":true,"showParticleSystems":true},"in2DMode":false,"pivot":{"x":37.397552490234378,"y":26.817380905151368,"z":-23.819547653198243},"rotation":{"x":-0.1273062527179718,"y":-0.33901509642601015,"z":0.04635811969637871,"w":-0.9309884905815125},"size":13.648780822753907,"orthographic":false}