{"cameraMode":{"drawMode":0,"name":"Shaded","section":"Shading Mode"},"sceneLighting":true,"audioPlay":false,"sceneViewState":{"showFog":true,"showMaterialUpdate":true,"showSkybox":true,"showFlares":true,"showImageEffects":true,"showParticleSystems":true},"in2DMode":false,"pivot":{"x":65.49557495117188,"y":15.46308422088623,"z":-33.45625305175781},"rotation":{"x":-0.08718840032815933,"y":-0.7991286516189575,"z":0.11953752487897873,"w":-0.5826939344406128},"size":3.6762070655822756,"orthographic":false}