{"cameraMode":{"drawMode":0,"name":"Shaded","section":"Shading Mode"},"sceneLighting":true,"audioPlay":false,"sceneViewState":{"showFog":true,"showMaterialUpdate":true,"showSkybox":true,"showFlares":true,"showImageEffects":true,"showParticleSystems":true},"in2DMode":false,"pivot":{"x":63.225799560546878,"y":14.938488006591797,"z":94.19902801513672},"rotation":{"x":0.0037351115606725218,"y":0.9926877021789551,"z":-0.11967378109693527,"w":0.02237120270729065},"size":30.43673324584961,"orthographic":false}