{"cameraMode":{"drawMode":0,"name":"Shaded","section":"Shading Mode"},"sceneLighting":true,"audioPlay":false,"sceneViewState":{"showFog":true,"showMaterialUpdate":false,"showSkybox":true,"showFlares":true,"showImageEffects":true,"showParticleSystems":true},"in2DMode":false,"pivot":{"x":73.38720703125,"y":27.197622299194337,"z":-55.309120178222659},"rotation":{"x":-0.006306469440460205,"y":0.9819980263710022,"z":-0.032388392835855487,"w":-0.18629318475723267},"size":34.994163513183597,"orthographic":false}