{"cameraMode":{"drawMode":0,"name":"Shaded","section":"Shading Mode"},"sceneLighting":true,"audioPlay":false,"sceneViewState":{"showFog":true,"showMaterialUpdate":false,"showSkybox":true,"showFlares":true,"showImageEffects":true,"showParticleSystems":true},"in2DMode":false,"pivot":{"x":61.65999984741211,"y":21.23699951171875,"z":-40.58000183105469},"rotation":{"x":-0.1743583083152771,"y":-0.05222573131322861,"z":0.009245411492884159,"w":-0.9832709431648254},"size":4.903914451599121,"orthographic":false}