{"cameraMode":{"drawMode":0,"name":"Shaded","section":"Shading Mode"},"sceneLighting":true,"audioPlay":false,"sceneViewState":{"showFog":true,"showMaterialUpdate":true,"showSkybox":true,"showFlares":true,"showImageEffects":true,"showParticleSystems":true},"in2DMode":false,"pivot":{"x":182.71559143066407,"y":388.45257568359377,"z":138.7278289794922},"rotation":{"x":0.004456098657101393,"y":0.9965931177139282,"z":-0.043283022940158847,"w":0.07196901738643646},"size":9.482392311096192,"orthographic":false}