{"cameraMode":{"drawMode":0,"name":"Shaded","section":"Shading Mode"},"sceneLighting":true,"audioPlay":false,"sceneViewState":{"showFog":true,"showMaterialUpdate":true,"showSkybox":true,"showFlares":true,"showImageEffects":true,"showParticleSystems":true},"in2DMode":false,"pivot":{"x":357.09808349609377,"y":-52.561248779296878,"z":255.9044647216797},"rotation":{"x":-0.2153901755809784,"y":-0.20246784389019013,"z":0.0456884503364563,"w":-0.9542269110679627},"size":562.00390625,"orthographic":false}