{"cameraMode":{"drawMode":0,"name":"Shaded","section":"Shading Mode"},"sceneLighting":true,"audioPlay":false,"sceneViewState":{"showFog":true,"showMaterialUpdate":true,"showSkybox":true,"showFlares":true,"showImageEffects":true,"showParticleSystems":true},"in2DMode":false,"pivot":{"x":63.536415100097659,"y":26.647907257080079,"z":-29.6678409576416},"rotation":{"x":-0.3311048746109009,"y":-0.012170026078820229,"z":0.004248231183737516,"w":-0.9435170292854309},"size":38.94401931762695,"orthographic":false}