{"cameraMode":{"drawMode":0,"name":"Shaded","section":"Shading Mode"},"sceneLighting":true,"audioPlay":false,"sceneViewState":{"showFog":true,"showMaterialUpdate":true,"showSkybox":true,"showFlares":true,"showImageEffects":true,"showParticleSystems":true},"in2DMode":false,"pivot":{"x":64.14957427978516,"y":9.120113372802735,"z":-13.362884521484375},"rotation":{"x":0.2677377164363861,"y":-0.43706780672073367,"z":0.13809025287628175,"w":0.8474977612495422},"size":62.7275505065918,"orthographic":false}