{"cameraMode":{"drawMode":0,"name":"Shaded","section":"Shading Mode"},"sceneLighting":true,"audioPlay":false,"sceneViewState":{"showFog":true,"showMaterialUpdate":true,"showSkybox":true,"showFlares":true,"showImageEffects":true,"showParticleSystems":true},"in2DMode":false,"pivot":{"x":60.88523483276367,"y":15.623512268066407,"z":-33.079288482666019},"rotation":{"x":-0.2684684991836548,"y":0.36020857095718386,"z":-0.1090952605009079,"w":-0.8867406249046326},"size":73.38694763183594,"orthographic":false}