{"cameraMode":{"drawMode":0,"name":"Shaded","section":"Shading Mode"},"sceneLighting":true,"audioPlay":false,"sceneViewState":{"showFog":true,"showMaterialUpdate":true,"showSkybox":true,"showFlares":true,"showImageEffects":true,"showParticleSystems":true},"in2DMode":false,"pivot":{"x":484.70001220703127,"y":251.25,"z":5.349999904632568},"rotation":{"x":0.11226300895214081,"y":-0.001196030410937965,"z":0.00013473817671183497,"w":0.993678867816925},"size":660.5432739257813,"orthographic":false}