{"cameraMode":{"drawMode":0,"name":"Shaded","section":"Shading Mode"},"sceneLighting":true,"audioPlay":false,"sceneViewState":{"showFog":true,"showMaterialUpdate":true,"showSkybox":true,"showFlares":true,"showImageEffects":true,"showParticleSystems":true},"in2DMode":false,"pivot":{"x":82.79475402832031,"y":23.285842895507814,"z":84.85301208496094},"rotation":{"x":-0.027183135971426965,"y":-0.9712364673614502,"z":0.13636599481105805,"w":-0.19337308406829835},"size":10.839143753051758,"orthographic":false}