{"cameraMode":{"drawMode":0,"name":"Shaded","section":"Shading Mode"},"sceneLighting":true,"audioPlay":false,"sceneViewState":{"showFog":true,"showMaterialUpdate":true,"showSkybox":true,"showFlares":true,"showImageEffects":true,"showParticleSystems":true},"in2DMode":false,"pivot":{"x":-28.28546142578125,"y":113.7740478515625,"z":439.8871765136719},"rotation":{"x":-0.2248460203409195,"y":0.5528355836868286,"z":-0.15905813872814179,"w":-0.7865498065948486},"size":183.66534423828126,"orthographic":false}