{"cameraMode":{"drawMode":0,"name":"Shaded","section":"Shading Mode"},"sceneLighting":true,"audioPlay":false,"sceneViewState":{"showFog":true,"showMaterialUpdate":true,"showSkybox":true,"showFlares":true,"showImageEffects":true,"showParticleSystems":true},"in2DMode":false,"pivot":{"x":39.39310836791992,"y":22.574111938476564,"z":65.9128189086914},"rotation":{"x":0.08153010904788971,"y":0.8286048173904419,"z":0.12523946166038514,"w":-0.5395452976226807},"size":1.8351521492004395,"orthographic":false}