{"cameraMode":{"drawMode":0,"name":"Shaded","section":"Shading Mode"},"sceneLighting":true,"audioPlay":false,"sceneViewState":{"showFog":true,"showMaterialUpdate":false,"showSkybox":true,"showFlares":true,"showImageEffects":true,"showParticleSystems":true},"in2DMode":false,"pivot":{"x":158.25685119628907,"y":-66.22339630126953,"z":42.698890686035159},"rotation":{"x":0.3598027527332306,"y":0.3927968144416809,"z":-0.17048877477645875,"w":0.8289688229560852},"size":227.62745666503907,"orthographic":false}