{"cameraMode":{"drawMode":0,"name":"Shaded","section":"Shading Mode"},"sceneLighting":true,"audioPlay":false,"sceneViewState":{"showFog":true,"showMaterialUpdate":true,"showSkybox":true,"showFlares":true,"showImageEffects":true,"showParticleSystems":true},"in2DMode":false,"pivot":{"x":34.55876922607422,"y":20.494956970214845,"z":23.87076187133789},"rotation":{"x":-0.07007534056901932,"y":-0.22633026540279389,"z":0.016268126666545869,"w":-0.9714157581329346},"size":11.549591064453125,"orthographic":false}