{"cameraMode":{"drawMode":0,"name":"Shaded","section":"Shading Mode"},"sceneLighting":true,"audioPlay":false,"sceneViewState":{"showFog":true,"showMaterialUpdate":true,"showSkybox":true,"showFlares":true,"showImageEffects":true,"showParticleSystems":true},"in2DMode":false,"pivot":{"x":75.91963195800781,"y":23.125852584838868,"z":117.95111083984375},"rotation":{"x":0.009727218188345433,"y":-0.9825758934020996,"z":0.05766206607222557,"w":0.17676293849945069},"size":5.640738010406494,"orthographic":false}