{"cameraMode":{"drawMode":0,"name":"Shaded","section":"Shading Mode"},"sceneLighting":true,"audioPlay":false,"sceneViewState":{"showFog":true,"showMaterialUpdate":true,"showSkybox":true,"showFlares":true,"showImageEffects":true,"showParticleSystems":true},"in2DMode":false,"pivot":{"x":64.84817504882813,"y":16.719253540039064,"z":-33.63818359375},"rotation":{"x":0.29673126339912417,"y":0.40419426560401919,"z":-0.14046980440616609,"w":0.8537408113479614},"size":10.114829063415528,"orthographic":false}