{"cameraMode":{"drawMode":0,"name":"Shaded","section":"Shading Mode"},"sceneLighting":true,"audioPlay":false,"sceneViewState":{"showFog":true,"showMaterialUpdate":true,"showSkybox":true,"showFlares":true,"showImageEffects":true,"showParticleSystems":true},"in2DMode":false,"pivot":{"x":82.47040557861328,"y":36.21266174316406,"z":48.10167694091797},"rotation":{"x":0.0022271033376455309,"y":-0.9917169213294983,"z":-0.023910880088806154,"w":-0.1270178258419037},"size":115.6628646850586,"orthographic":false}