{"cameraMode":{"drawMode":0,"name":"Shaded","section":"Shading Mode"},"sceneLighting":true,"audioPlay":false,"sceneViewState":{"showFog":true,"showMaterialUpdate":true,"showSkybox":true,"showFlares":true,"showImageEffects":true,"showParticleSystems":true},"in2DMode":false,"pivot":{"x":82.7583999633789,"y":13.602142333984375,"z":72.48016357421875},"rotation":{"x":0.005774154793471098,"y":0.9950819611549377,"z":0.06871092319488526,"w":-0.07231168448925019},"size":5.002187728881836,"orthographic":false}