{"cameraMode":{"drawMode":0,"name":"Shaded","section":"Shading Mode"},"sceneLighting":true,"audioPlay":false,"sceneViewState":{"showFog":true,"showMaterialUpdate":false,"showSkybox":true,"showFlares":true,"showImageEffects":true,"showParticleSystems":true},"in2DMode":false,"pivot":{"x":64.97028350830078,"y":21.598554611206056,"z":-42.81003189086914},"rotation":{"x":-0.09012866765260697,"y":-0.7013429999351502,"z":0.09012982994318009,"w":-0.7013362050056458},"size":7.8079118728637699,"orthographic":false}