{"cameraMode":{"drawMode":0,"name":"Shaded","section":"Shading Mode"},"sceneLighting":true,"audioPlay":false,"sceneViewState":{"showFog":true,"showMaterialUpdate":true,"showSkybox":true,"showFlares":true,"showImageEffects":true,"showParticleSystems":true},"in2DMode":false,"pivot":{"x":29.016998291015626,"y":11.255200386047364,"z":64.06959533691406},"rotation":{"x":-0.007807791233062744,"y":0.9898592829704285,"z":-0.12840797007083894,"w":-0.06066137179732323},"size":61.357460021972659,"orthographic":false}