{"cameraMode":{"drawMode":0,"name":"Shaded","section":"Shading Mode"},"sceneLighting":true,"audioPlay":false,"sceneViewState":{"showFog":true,"showMaterialUpdate":true,"showSkybox":true,"showFlares":true,"showImageEffects":true,"showParticleSystems":true},"in2DMode":false,"pivot":{"x":85.51724243164063,"y":25.107521057128908,"z":74.12226867675781},"rotation":{"x":-0.003578782081604004,"y":0.9468120336532593,"z":-0.013045198284089566,"w":-0.3217690885066986},"size":1.0973410606384278,"orthographic":false}