{"cameraMode":{"drawMode":0,"name":"Shaded","section":"Shading Mode"},"sceneLighting":true,"audioPlay":false,"sceneViewState":{"showFog":true,"showMaterialUpdate":true,"showSkybox":true,"showFlares":true,"showImageEffects":true,"showParticleSystems":true},"in2DMode":false,"pivot":{"x":-13.44012451171875,"y":16.764406204223634,"z":-71.90363311767578},"rotation":{"x":-0.005879728589206934,"y":0.9531124234199524,"z":-0.01859053038060665,"w":-0.30202507972717287},"size":175.45925903320313,"orthographic":false}