{"cameraMode":{"drawMode":0,"name":"Shaded","section":"Shading Mode"},"sceneLighting":true,"audioPlay":false,"sceneViewState":{"showFog":true,"showMaterialUpdate":true,"showSkybox":true,"showFlares":true,"showImageEffects":true,"showParticleSystems":true},"in2DMode":false,"pivot":{"x":93.23074340820313,"y":11.92602825164795,"z":96.311767578125},"rotation":{"x":0.08920067548751831,"y":0.8058918714523315,"z":-0.12540696561336518,"w":0.5717806220054627},"size":20.147945404052736,"orthographic":false}