{"cameraMode":{"drawMode":0,"name":"Shaded","section":"Shading Mode"},"sceneLighting":true,"audioPlay":false,"sceneViewState":{"showFog":true,"showMaterialUpdate":true,"showSkybox":true,"showFlares":true,"showImageEffects":true,"showParticleSystems":true},"in2DMode":false,"pivot":{"x":75.3125228881836,"y":7.0746307373046879,"z":49.55218505859375},"rotation":{"x":-0.020853497087955476,"y":-0.9731258749961853,"z":0.2074144184589386,"w":-0.0978378877043724},"size":76.49137115478516,"orthographic":false}