{"cameraMode":{"drawMode":0,"name":"Shaded","section":"Shading Mode"},"sceneLighting":true,"audioPlay":false,"sceneViewState":{"showFog":true,"showMaterialUpdate":true,"showSkybox":true,"showFlares":true,"showImageEffects":true,"showParticleSystems":true},"in2DMode":false,"pivot":{"x":76.46932983398438,"y":-33.7452392578125,"z":-100.42327117919922},"rotation":{"x":0.00030827385489828885,"y":0.9902949333190918,"z":-0.13904845714569093,"w":0.00210520438849926},"size":203.19032287597657,"orthographic":false}