{"cameraMode":{"drawMode":0,"name":"Shaded","section":"Shading Mode"},"sceneLighting":true,"audioPlay":false,"sceneViewState":{"showFog":true,"showMaterialUpdate":false,"showSkybox":true,"showFlares":true,"showImageEffects":true,"showParticleSystems":true},"in2DMode":false,"pivot":{"x":83.99095153808594,"y":15.26267147064209,"z":63.85105895996094},"rotation":{"x":0.06114160642027855,"y":0.3740859925746918,"z":-0.024727867916226388,"w":0.9250614643096924},"size":1.5626099109649659,"orthographic":false}