{"cameraMode":{"drawMode":0,"name":"Shaded","section":"Shading Mode"},"sceneLighting":true,"audioPlay":false,"sceneViewState":{"showFog":true,"showMaterialUpdate":true,"showSkybox":true,"showFlares":true,"showImageEffects":true,"showParticleSystems":true},"in2DMode":false,"pivot":{"x":66.07539367675781,"y":29.329509735107423,"z":11.977970123291016},"rotation":{"x":-0.32048919796943667,"y":-0.5773417949676514,"z":0.26302477717399599,"w":-0.7034282088279724},"size":126.016357421875,"orthographic":false}