{"cameraMode":{"drawMode":0,"name":"Shaded","section":"Shading Mode"},"sceneLighting":true,"audioPlay":false,"sceneViewState":{"showFog":true,"showMaterialUpdate":false,"showSkybox":true,"showFlares":true,"showImageEffects":true,"showParticleSystems":true},"in2DMode":false,"pivot":{"x":55.73147964477539,"y":17.62818145751953,"z":73.1090316772461},"rotation":{"x":0.41541430354118349,"y":-5.889595477981402e-9,"z":-2.1358224078227296e-9,"w":0.9096322059631348},"size":11.830142974853516,"orthographic":false}