{"cameraMode":{"drawMode":0,"name":"Shaded","section":"Shading Mode"},"sceneLighting":false,"audioPlay":false,"sceneViewState":{"showFog":false,"showMaterialUpdate":false,"showSkybox":false,"showFlares":false,"showImageEffects":false,"showParticleSystems":false},"in2DMode":false,"pivot":{"x":94.06488037109375,"y":31.191118240356447,"z":-32.084537506103519},"rotation":{"x":0.21944579482078553,"y":-0.5309898257255554,"z":0.14550091326236726,"w":0.8055875301361084},"size":39.138946533203128,"orthographic":false}