{"cameraMode":{"drawMode":0,"name":"Shaded","section":"Shading Mode"},"sceneLighting":true,"audioPlay":false,"sceneViewState":{"showFog":false,"showMaterialUpdate":false,"showSkybox":false,"showFlares":false,"showImageEffects":false,"showParticleSystems":false},"in2DMode":false,"pivot":{"x":94.88607025146485,"y":21.33871841430664,"z":-48.17362594604492},"rotation":{"x":-0.013094599358737469,"y":-0.7436163425445557,"z":0.013653542846441269,"w":-0.6685420274734497},"size":46.16017532348633,"orthographic":false}