{"cameraMode":{"drawMode":0,"name":"Shaded","section":"Shading Mode"},"sceneLighting":false,"audioPlay":false,"sceneViewState":{"showFog":false,"showMaterialUpdate":false,"showSkybox":false,"showFlares":false,"showImageEffects":false,"showParticleSystems":false},"in2DMode":false,"pivot":{"x":36.39097595214844,"y":24.425018310546876,"z":-40.05924987792969},"rotation":{"x":-0.026862559840083123,"y":-0.831702470779419,"z":0.03905392438173294,"w":-0.5534177422523499},"size":5.281435966491699,"orthographic":false}