{"cameraMode":{"drawMode":0,"name":"Shaded","section":"Shading Mode"},"sceneLighting":true,"audioPlay":false,"sceneViewState":{"showFog":false,"showMaterialUpdate":false,"showSkybox":false,"showFlares":false,"showImageEffects":false,"showParticleSystems":false},"in2DMode":false,"pivot":{"x":34.95270919799805,"y":14.083515167236329,"z":-26.348731994628908},"rotation":{"x":0.25285324454307558,"y":-0.04452521353960037,"z":0.012528764083981514,"w":0.9665616154670715},"size":21.481958389282228,"orthographic":false}