{"cameraMode":{"drawMode":0,"name":"Shaded","section":"Shading Mode"},"sceneLighting":false,"audioPlay":false,"sceneViewState":{"showFog":false,"showMaterialUpdate":false,"showSkybox":false,"showFlares":false,"showImageEffects":false,"showParticleSystems":false},"in2DMode":false,"pivot":{"x":33.510963439941409,"y":12.911709785461426,"z":-50.592559814453128},"rotation":{"x":-0.2966105043888092,"y":-0.2851558029651642,"z":0.09256476908922196,"w":-0.9068585634231567},"size":4.231060028076172,"orthographic":false}