{"cameraMode":{"drawMode":0,"name":"Shaded","section":"Shading Mode"},"sceneLighting":true,"audioPlay":false,"sceneViewState":{"showFog":false,"showMaterialUpdate":false,"showSkybox":false,"showFlares":false,"showImageEffects":false,"showParticleSystems":false},"in2DMode":false,"pivot":{"x":36.19826126098633,"y":22.131261825561525,"z":-42.817928314208987},"rotation":{"x":-0.2070426344871521,"y":-0.5583702921867371,"z":0.14568178355693818,"w":-0.7902066111564636},"size":4.512800693511963,"orthographic":false}