{"cameraMode":{"drawMode":0,"name":"Shaded","section":"Shading Mode"},"sceneLighting":true,"audioPlay":false,"sceneViewState":{"showFog":false,"showMaterialUpdate":false,"showSkybox":false,"showFlares":false,"showImageEffects":false,"showParticleSystems":false},"in2DMode":false,"pivot":{"x":43.431312561035159,"y":17.62090492248535,"z":-30.88898468017578},"rotation":{"x":0.24070794880390168,"y":0.2014639973640442,"z":-0.05025570094585419,"w":0.9482894539833069},"size":22.453184127807618,"orthographic":false}