{"cameraMode":{"drawMode":0,"name":"Shaded","section":"Shading Mode"},"sceneLighting":true,"audioPlay":false,"sceneViewState":{"showFog":false,"showMaterialUpdate":false,"showSkybox":false,"showFlares":false,"showImageEffects":false,"showParticleSystems":false},"in2DMode":false,"pivot":{"x":35.746280670166019,"y":23.136714935302736,"z":-38.38351058959961},"rotation":{"x":-0.06506208330392838,"y":-0.017760934308171274,"z":-0.0003699691442307085,"w":0.9978834986686707},"size":4.895713806152344,"orthographic":false}