{"cameraMode":{"drawMode":0,"name":"Shaded","section":"Shading Mode"},"sceneLighting":false,"audioPlay":false,"sceneViewState":{"showFog":false,"showMaterialUpdate":false,"showSkybox":false,"showFlares":false,"showImageEffects":false,"showParticleSystems":false},"in2DMode":false,"pivot":{"x":31.732133865356447,"y":13.871149063110352,"z":-52.6929817199707},"rotation":{"x":0.28488844633102419,"y":0.0071891606785357,"z":-0.0021367918234318496,"w":0.9585326910018921},"size":6.957853317260742,"orthographic":false}