{"cameraMode":{"drawMode":0,"name":"Shaded","section":"Shading Mode"},"sceneLighting":true,"audioPlay":false,"sceneViewState":{"showFog":false,"showMaterialUpdate":false,"showSkybox":false,"showFlares":false,"showImageEffects":false,"showParticleSystems":false},"in2DMode":false,"pivot":{"x":55.75328063964844,"y":-19.808452606201173,"z":-5.622379302978516},"rotation":{"x":-0.010126476176083088,"y":-0.9453031420707703,"z":0.32473960518836977,"w":-0.02950727939605713},"size":71.51740264892578,"orthographic":false}