{"cameraMode":{"drawMode":0,"name":"Shaded","section":"Shading Mode"},"sceneLighting":true,"audioPlay":false,"sceneViewState":{"showFog":false,"showMaterialUpdate":false,"showSkybox":false,"showFlares":false,"showImageEffects":false,"showParticleSystems":false},"in2DMode":false,"pivot":{"x":120.64543151855469,"y":27.13289451599121,"z":-36.489898681640628},"rotation":{"x":0.4812709093093872,"y":0.060416217893362048,"z":-0.03324127569794655,"w":0.8738842606544495},"size":27.107521057128908,"orthographic":false}