{"cameraMode":{"drawMode":0,"name":"Shaded","section":"Shading Mode"},"sceneLighting":true,"audioPlay":false,"sceneViewState":{"showFog":false,"showMaterialUpdate":false,"showSkybox":false,"showFlares":false,"showImageEffects":false,"showParticleSystems":false},"in2DMode":false,"pivot":{"x":327.588134765625,"y":34.63848876953125,"z":28.5340576171875},"rotation":{"x":0.18279112875461579,"y":-0.028014201670885087,"z":0.005208130925893784,"w":0.982748806476593},"size":1013.4038696289063,"orthographic":false}