{"cameraMode":{"drawMode":0,"name":"Shaded","section":"Shading Mode"},"sceneLighting":true,"audioPlay":false,"sceneViewState":{"showFog":false,"showMaterialUpdate":false,"showSkybox":false,"showFlares":false,"showImageEffects":false,"showParticleSystems":false},"in2DMode":false,"pivot":{"x":10.546625137329102,"y":-15.766929626464844,"z":-14.582527160644532},"rotation":{"x":0.024894779548048974,"y":0.001499286270700395,"z":-0.00003735171048901975,"w":0.999688982963562},"size":97.57267761230469,"orthographic":false}