{"cameraMode":{"drawMode":0,"name":"Shaded","section":"Shading Mode"},"sceneLighting":true,"audioPlay":false,"sceneViewState":{"showFog":false,"showMaterialUpdate":false,"showSkybox":false,"showFlares":false,"showImageEffects":false,"showParticleSystems":false},"in2DMode":false,"pivot":{"x":61.32345962524414,"y":24.43404769897461,"z":-39.637107849121097},"rotation":{"x":0.14015668630599976,"y":0.7766338586807251,"z":-0.18582800030708314,"w":0.5854813456535339},"size":5.394137382507324,"orthographic":false}