{"cameraMode":{"drawMode":0,"name":"Shaded","section":"Shading Mode"},"sceneLighting":true,"audioPlay":false,"sceneViewState":{"showFog":false,"showMaterialUpdate":false,"showSkybox":false,"showFlares":false,"showImageEffects":false,"showParticleSystems":false},"in2DMode":false,"pivot":{"x":53.93666458129883,"y":8.248649597167969,"z":75.93218231201172},"rotation":{"x":0.11302061378955841,"y":-0.7505008578300476,"z":0.13308605551719666,"w":0.6373953819274902},"size":16.024145126342775,"orthographic":false}