{"cameraMode":{"drawMode":0,"name":"Shaded","section":"Shading Mode"},"sceneLighting":true,"audioPlay":false,"sceneViewState":{"showFog":false,"showMaterialUpdate":false,"showSkybox":false,"showFlares":false,"showImageEffects":false,"showParticleSystems":false},"in2DMode":false,"pivot":{"x":61.56813049316406,"y":-12.756637573242188,"z":56.7650032043457},"rotation":{"x":0.31528452038764956,"y":0.635595440864563,"z":-0.3188750147819519,"w":0.6284462213516235},"size":132.49729919433595,"orthographic":false}