{"cameraMode":{"drawMode":0,"name":"Shaded","section":"Shading Mode"},"sceneLighting":true,"audioPlay":false,"sceneViewState":{"showFog":false,"showMaterialUpdate":false,"showSkybox":false,"showFlares":false,"showImageEffects":false,"showParticleSystems":false},"in2DMode":false,"pivot":{"x":43.77377700805664,"y":19.885826110839845,"z":63.87622833251953},"rotation":{"x":0.03814630210399628,"y":-0.3348286747932434,"z":0.013572166673839093,"w":0.9414128065109253},"size":1.6228861808776856,"orthographic":false}