{"cameraMode":{"drawMode":0,"name":"Shaded","section":"Shading Mode"},"sceneLighting":true,"audioPlay":false,"sceneViewState":{"showFog":false,"showMaterialUpdate":false,"showSkybox":false,"showFlares":false,"showImageEffects":false,"showParticleSystems":false},"in2DMode":false,"pivot":{"x":84.53636932373047,"y":14.097400665283204,"z":-20.721393585205079},"rotation":{"x":0.010063271969556809,"y":0.9890767931938171,"z":0.07938355952501297,"w":-0.12411905080080033},"size":-4.550058841705322,"orthographic":false}