{"cameraMode":{"drawMode":0,"name":"Shaded","section":"Shading Mode"},"sceneLighting":true,"audioPlay":false,"sceneViewState":{"showFog":false,"showMaterialUpdate":false,"showSkybox":false,"showFlares":false,"showImageEffects":false,"showParticleSystems":false},"in2DMode":false,"pivot":{"x":68.58648681640625,"y":20.47014617919922,"z":7.683781623840332},"rotation":{"x":0.014602290466427803,"y":-0.6193838119506836,"z":-0.01152423582971096,"w":-0.7848706841468811},"size":8.022621154785157,"orthographic":false}