{"cameraMode":{"drawMode":0,"name":"Shaded","section":"Shading Mode"},"sceneLighting":true,"audioPlay":false,"sceneViewState":{"showFog":false,"showMaterialUpdate":false,"showSkybox":false,"showFlares":false,"showImageEffects":false,"showParticleSystems":false},"in2DMode":false,"pivot":{"x":422.47528076171877,"y":219.70599365234376,"z":60.08061218261719},"rotation":{"x":-0.15457816421985627,"y":0.6798643469810486,"z":-0.14974486827850343,"w":-0.7011488676071167},"size":8.820648193359375,"orthographic":false}