{"cameraMode":{"drawMode":0,"name":"Shaded","section":"Shading Mode"},"sceneLighting":true,"audioPlay":false,"sceneViewState":{"showFog":false,"showMaterialUpdate":false,"showSkybox":false,"showFlares":false,"showImageEffects":false,"showParticleSystems":false},"in2DMode":false,"pivot":{"x":72.70397186279297,"y":13.142902374267579,"z":-37.95079040527344},"rotation":{"x":-0.38070032000541689,"y":-0.5800504684448242,"z":0.3512571156024933,"w":-0.628672182559967},"size":57.93639373779297,"orthographic":false}