{"cameraMode":{"drawMode":0,"name":"Shaded","section":"Shading Mode"},"sceneLighting":true,"audioPlay":false,"sceneViewState":{"showFog":false,"showMaterialUpdate":false,"showSkybox":false,"showFlares":false,"showImageEffects":false,"showParticleSystems":false},"in2DMode":false,"pivot":{"x":102.41696166992188,"y":16.69026756286621,"z":-39.74080276489258},"rotation":{"x":0.014849493280053139,"y":0.6481301188468933,"z":-0.012636654078960419,"w":0.7612821459770203},"size":3.287564754486084,"orthographic":false}