{"cameraMode":{"drawMode":0,"name":"Shaded","section":"Shading Mode"},"sceneLighting":true,"audioPlay":false,"sceneViewState":{"showFog":false,"showMaterialUpdate":false,"showSkybox":false,"showFlares":false,"showImageEffects":false,"showParticleSystems":false},"in2DMode":false,"pivot":{"x":100.1302261352539,"y":-39.372947692871097,"z":37.48196792602539},"rotation":{"x":-0.42739030718803408,"y":-0.4735724925994873,"z":0.2825411260128021,"w":-0.7164257168769836},"size":110.7663345336914,"orthographic":false}