{"cameraMode":{"drawMode":0,"name":"Shaded","section":"Shading Mode"},"sceneLighting":true,"audioPlay":false,"sceneViewState":{"showFog":false,"showMaterialUpdate":false,"showSkybox":false,"showFlares":false,"showImageEffects":false,"showParticleSystems":false},"in2DMode":false,"pivot":{"x":64.80000305175781,"y":17.899999618530275,"z":89.30000305175781},"rotation":{"x":0.01490436214953661,"y":0.8704653382301331,"z":-0.49136701226234438,"w":0.026362206786870958},"size":2.3370702266693117,"orthographic":false}