{"cameraMode":{"drawMode":0,"name":"Shaded","section":"Shading Mode"},"sceneLighting":true,"audioPlay":false,"sceneViewState":{"showFog":false,"showMaterialUpdate":false,"showSkybox":false,"showFlares":false,"showImageEffects":false,"showParticleSystems":false},"in2DMode":false,"pivot":{"x":32.11343002319336,"y":16.3886661529541,"z":-40.37141799926758},"rotation":{"x":-0.00041337753646075726,"y":0.9993260502815247,"z":0.0119926230981946,"w":0.0347856730222702},"size":7.923607349395752,"orthographic":false}