{"cameraMode":{"drawMode":0,"name":"Shaded","section":"Shading Mode"},"sceneLighting":true,"audioPlay":false,"sceneViewState":{"showFog":false,"showMaterialUpdate":false,"showSkybox":false,"showFlares":false,"showImageEffects":false,"showParticleSystems":false},"in2DMode":false,"pivot":{"x":83.79289245605469,"y":35.56144332885742,"z":85.32978820800781},"rotation":{"x":0.01981905661523342,"y":-0.977865993976593,"z":0.17733420431613923,"w":0.10928468406200409},"size":2.6755261421203615,"orthographic":false}