{"cameraMode":{"drawMode":0,"name":"Shaded","section":"Shading Mode"},"sceneLighting":true,"audioPlay":false,"sceneViewState":{"showFog":false,"showMaterialUpdate":false,"showSkybox":false,"showFlares":false,"showImageEffects":false,"showParticleSystems":false},"in2DMode":false,"pivot":{"x":-7.743438720703125,"y":347.7501220703125,"z":-93.19235229492188},"rotation":{"x":0.04885600879788399,"y":-0.24321378767490388,"z":0.012290402315557003,"w":0.9686885476112366},"size":304.7569580078125,"orthographic":false}