{"cameraMode":{"drawMode":0,"name":"Shaded","section":"Shading Mode"},"sceneLighting":true,"audioPlay":false,"sceneViewState":{"showFog":false,"showMaterialUpdate":false,"showSkybox":false,"showFlares":false,"showImageEffects":false,"showParticleSystems":false},"in2DMode":false,"pivot":{"x":55.56497573852539,"y":3.0486907958984377,"z":-4.79176139831543},"rotation":{"x":0.6772275567054749,"y":0.004631847143173218,"z":-0.004248715005815029,"w":0.7357571721076965},"size":150.42044067382813,"orthographic":false}