{"cameraMode":{"drawMode":0,"name":"Shaded","section":"Shading Mode"},"sceneLighting":true,"audioPlay":false,"sceneViewState":{"showFog":false,"showMaterialUpdate":false,"showSkybox":false,"showFlares":false,"showImageEffects":false,"showParticleSystems":false},"in2DMode":false,"pivot":{"x":54.63996124267578,"y":4.575772285461426,"z":4.658901214599609},"rotation":{"x":-0.11817097663879395,"y":-0.2205837219953537,"z":0.026933439075946809,"w":-0.9678083062171936},"size":81.58265686035156,"orthographic":false}