{"cameraMode":{"drawMode":0,"name":"Shaded","section":"Shading Mode"},"sceneLighting":true,"audioPlay":false,"sceneViewState":{"showFog":false,"showMaterialUpdate":false,"showSkybox":false,"showFlares":false,"showImageEffects":false,"showParticleSystems":false},"in2DMode":false,"pivot":{"x":-41.589134216308597,"y":233.46043395996095,"z":150.80601501464845},"rotation":{"x":0.431059867143631,"y":-0.09766878187656403,"z":0.046998683363199237,"w":0.8957900404930115},"size":266.9593505859375,"orthographic":false}