{"cameraMode":{"drawMode":0,"name":"Shaded","section":"Shading Mode"},"sceneLighting":true,"audioPlay":false,"sceneViewState":{"showFog":false,"showMaterialUpdate":false,"showSkybox":false,"showFlares":false,"showImageEffects":false,"showParticleSystems":false},"in2DMode":false,"pivot":{"x":34.116371154785159,"y":19.535280227661134,"z":64.01235961914063},"rotation":{"x":-0.2111489325761795,"y":0.5968894362449646,"z":-0.16673605144023896,"w":-0.7558760046958923},"size":13.833403587341309,"orthographic":false}