{"cameraMode":{"drawMode":0,"name":"Shaded","section":"Shading Mode"},"sceneLighting":true,"audioPlay":false,"sceneViewState":{"showFog":false,"showMaterialUpdate":false,"showSkybox":false,"showFlares":false,"showImageEffects":false,"showParticleSystems":false},"in2DMode":false,"pivot":{"x":78.86508178710938,"y":12.893926620483399,"z":-13.813651084899903},"rotation":{"x":0.2024412751197815,"y":0.7538567185401917,"z":-0.2709170877933502,"w":0.5633233189582825},"size":74.11592864990235,"orthographic":false}