{"cameraMode":{"drawMode":0,"name":"Shaded","section":"Shading Mode"},"sceneLighting":true,"audioPlay":false,"sceneViewState":{"showFog":false,"showMaterialUpdate":false,"showSkybox":false,"showFlares":false,"showImageEffects":false,"showParticleSystems":false},"in2DMode":false,"pivot":{"x":74.83583068847656,"y":12.605508804321289,"z":-3.8086280822753908},"rotation":{"x":0.18903112411499024,"y":-0.18002989888191224,"z":0.035280968993902209,"w":0.9646854400634766},"size":83.71122741699219,"orthographic":false}