{"cameraMode":{"drawMode":0,"name":"Shaded","section":"Shading Mode"},"sceneLighting":true,"audioPlay":false,"sceneViewState":{"showFog":false,"showMaterialUpdate":false,"showSkybox":false,"showFlares":false,"showImageEffects":false,"showParticleSystems":false},"in2DMode":false,"pivot":{"x":418.3773498535156,"y":288.44134521484377,"z":28.6092529296875},"rotation":{"x":0.1033155620098114,"y":-0.0026993192732334139,"z":0.0002887211157940328,"w":0.9946515560150147},"size":772.4989013671875,"orthographic":false}