{"cameraMode":{"drawMode":0,"name":"Shaded","section":"Shading Mode"},"sceneLighting":true,"audioPlay":false,"sceneViewState":{"showFog":false,"showMaterialUpdate":false,"showSkybox":false,"showFlares":false,"showImageEffects":false,"showParticleSystems":false},"in2DMode":false,"pivot":{"x":105.34919738769531,"y":8.394227027893067,"z":218.24766540527345},"rotation":{"x":0.06171760708093643,"y":-0.9382599592208862,"z":0.2370799332857132,"w":0.24424642324447633},"size":44.92991256713867,"orthographic":false}