{"cameraMode":{"drawMode":0,"name":"Shaded","section":"Shading Mode"},"sceneLighting":true,"audioPlay":false,"sceneViewState":{"showFog":false,"showMaterialUpdate":false,"showSkybox":false,"showFlares":false,"showImageEffects":false,"showParticleSystems":false},"in2DMode":false,"pivot":{"x":37.529998779296878,"y":19.017000198364259,"z":65.5199966430664},"rotation":{"x":0.07272480428218842,"y":-0.8407357931137085,"z":0.11676766723394394,"w":0.5236892700195313},"size":14.393805503845215,"orthographic":false}