{"cameraMode":{"drawMode":0,"name":"Shaded","section":"Shading Mode"},"sceneLighting":true,"audioPlay":false,"sceneViewState":{"showFog":false,"showMaterialUpdate":false,"showSkybox":false,"showFlares":false,"showImageEffects":false,"showParticleSystems":false},"in2DMode":false,"pivot":{"x":64.98384094238281,"y":15.25318717956543,"z":9.594696044921875},"rotation":{"x":0.18279112875461579,"y":-0.028014201670885087,"z":0.005208130925893784,"w":0.982748806476593},"size":76.80573272705078,"orthographic":false}