{"cameraMode":{"drawMode":0,"name":"Shaded","section":"Shading Mode"},"sceneLighting":true,"audioPlay":false,"sceneViewState":{"showFog":false,"showMaterialUpdate":false,"showSkybox":false,"showFlares":false,"showImageEffects":false,"showParticleSystems":false},"in2DMode":false,"pivot":{"x":64.83399963378906,"y":16.45254135131836,"z":-32.689117431640628},"rotation":{"x":0.0562279187142849,"y":-0.07032113522291184,"z":0.003997663035988808,"w":0.995954692363739},"size":6.7345428466796879,"orthographic":false}