{"cameraMode":{"drawMode":0,"name":"Shaded","section":"Shading Mode"},"sceneLighting":true,"audioPlay":false,"sceneViewState":{"showFog":false,"showMaterialUpdate":false,"showSkybox":false,"showFlares":false,"showImageEffects":false,"showParticleSystems":false},"in2DMode":false,"pivot":{"x":129.5731201171875,"y":21.413265228271486,"z":91.05268859863281},"rotation":{"x":-0.168880432844162,"y":0.48098474740982058,"z":-0.09499941021203995,"w":-0.8550485372543335},"size":27.037525177001954,"orthographic":false}