{"cameraMode":{"drawMode":0,"name":"Shaded","section":"Shading Mode"},"sceneLighting":true,"audioPlay":false,"sceneViewState":{"showFog":false,"showMaterialUpdate":false,"showSkybox":false,"showFlares":false,"showImageEffects":false,"showParticleSystems":false},"in2DMode":false,"pivot":{"x":64.94285583496094,"y":14.378196716308594,"z":88.5401611328125},"rotation":{"x":0.35660019516944888,"y":0.6007215976715088,"z":-0.34027212858200076,"w":0.6294858455657959},"size":43.758567810058597,"orthographic":false}