{"cameraMode":{"drawMode":0,"name":"Shaded","section":"Shading Mode"},"sceneLighting":true,"audioPlay":false,"sceneViewState":{"showFog":false,"showMaterialUpdate":false,"showSkybox":false,"showFlares":false,"showImageEffects":false,"showParticleSystems":false},"in2DMode":false,"pivot":{"x":64.88150787353516,"y":63.623382568359378,"z":15.738243103027344},"rotation":{"x":0.16732226312160493,"y":0.09448876976966858,"z":-0.01611245423555374,"w":0.9812315702438355},"size":3.1115612983703615,"orthographic":false}