{"cameraMode":{"drawMode":0,"name":"Shaded","section":"Shading Mode"},"sceneLighting":true,"audioPlay":false,"sceneViewState":{"showFog":false,"showMaterialUpdate":false,"showSkybox":false,"showFlares":false,"showImageEffects":false,"showParticleSystems":false},"in2DMode":false,"pivot":{"x":65.110107421875,"y":21.527496337890626,"z":-38.349395751953128},"rotation":{"x":0.18850933015346528,"y":0.74869304895401,"z":-0.23972880840301515,"w":0.5886377692222595},"size":5.516045570373535,"orthographic":false}