{"cameraMode":{"drawMode":0,"name":"Shaded","section":"Shading Mode"},"sceneLighting":true,"audioPlay":false,"sceneViewState":{"showFog":false,"showMaterialUpdate":false,"showSkybox":false,"showFlares":false,"showImageEffects":false,"showParticleSystems":false},"in2DMode":false,"pivot":{"x":103.16283416748047,"y":11.412506103515625,"z":2.2919721603393556},"rotation":{"x":0.08031145483255387,"y":0.005982635077089071,"z":-0.0004962874809280038,"w":0.996764063835144},"size":6.415834903717041,"orthographic":false}