{"cameraMode":{"drawMode":0,"name":"Shaded","section":"Shading Mode"},"sceneLighting":false,"audioPlay":false,"sceneViewState":{"showFog":false,"showMaterialUpdate":false,"showSkybox":false,"showFlares":false,"showImageEffects":false,"showParticleSystems":false},"in2DMode":false,"pivot":{"x":87.1143798828125,"y":20.554569244384767,"z":-47.1434211730957},"rotation":{"x":-0.19037137925624848,"y":-0.7545009255409241,"z":0.24910734593868257,"w":-0.5765785574913025},"size":41.901039123535159,"orthographic":false}