{"cameraMode":{"drawMode":0,"name":"Shaded","section":"Shading Mode"},"sceneLighting":true,"audioPlay":false,"sceneViewState":{"showFog":false,"showMaterialUpdate":false,"showSkybox":false,"showFlares":false,"showImageEffects":false,"showParticleSystems":false},"in2DMode":false,"pivot":{"x":422.57666015625,"y":219.51336669921876,"z":60.0614128112793},"rotation":{"x":-0.19031807780265809,"y":0.6741757988929749,"z":-0.18607856333255769,"w":-0.6890457272529602},"size":3.171640634536743,"orthographic":false}