{"cameraMode":{"drawMode":0,"name":"Shaded","section":"Shading Mode"},"sceneLighting":true,"audioPlay":false,"sceneViewState":{"showFog":false,"showMaterialUpdate":false,"showSkybox":false,"showFlares":false,"showImageEffects":false,"showParticleSystems":false},"in2DMode":false,"pivot":{"x":98.76730346679688,"y":19.614015579223634,"z":-40.568687438964847},"rotation":{"x":0.19446659088134767,"y":0.39176562428474429,"z":-0.0850992426276207,"w":0.8952457904815674},"size":5.775059700012207,"orthographic":false}