{"cameraMode":{"drawMode":0,"name":"Shaded","section":"Shading Mode"},"sceneLighting":true,"audioPlay":false,"sceneViewState":{"showFog":false,"showMaterialUpdate":false,"showSkybox":false,"showFlares":false,"showImageEffects":false,"showParticleSystems":false},"in2DMode":false,"pivot":{"x":1084.2366943359375,"y":481.9112548828125,"z":48.833251953125},"rotation":{"x":0.1575619876384735,"y":0.24772454798221589,"z":-0.04085896909236908,"w":0.9550652503967285},"size":855.130859375,"orthographic":false}