{"cameraMode":{"drawMode":0,"name":"Shaded","section":"Shading Mode"},"sceneLighting":true,"audioPlay":false,"sceneViewState":{"showFog":false,"showMaterialUpdate":false,"showSkybox":false,"showFlares":false,"showImageEffects":false,"showParticleSystems":false},"in2DMode":false,"pivot":{"x":64.98100280761719,"y":19.899999618530275,"z":89.3290023803711},"rotation":{"x":0.007065797224640846,"y":0.6765545606613159,"z":0.0065007563680410389,"w":-0.7363777160644531},"size":11.027402877807618,"orthographic":false}