{"cameraMode":{"drawMode":0,"name":"Shaded","section":"Shading Mode"},"sceneLighting":true,"audioPlay":false,"sceneViewState":{"showFog":false,"showMaterialUpdate":false,"showSkybox":false,"showFlares":false,"showImageEffects":false,"showParticleSystems":false},"in2DMode":false,"pivot":{"x":67.08232116699219,"y":14.493637084960938,"z":77.26506805419922},"rotation":{"x":-0.0293932743370533,"y":-0.006589214783161879,"z":0.0001934167230501771,"w":-0.9995507001876831},"size":16.444272994995118,"orthographic":false}