{"cameraMode":{"drawMode":0,"name":"Shaded","section":"Shading Mode"},"sceneLighting":true,"audioPlay":false,"sceneViewState":{"showFog":false,"showMaterialUpdate":false,"showSkybox":false,"showFlares":false,"showImageEffects":false,"showParticleSystems":false},"in2DMode":false,"pivot":{"x":51.319801330566409,"y":28.05657196044922,"z":0.7877120971679688},"rotation":{"x":0.2925320267677307,"y":-0.39108800888061526,"z":0.1326567530632019,"w":0.8624898195266724},"size":213.3107452392578,"orthographic":false}