{"cameraMode":{"drawMode":0,"name":"Shaded","section":"Shading Mode"},"sceneLighting":true,"audioPlay":false,"sceneViewState":{"showFog":false,"showMaterialUpdate":false,"showSkybox":false,"showFlares":false,"showImageEffects":false,"showParticleSystems":false},"in2DMode":false,"pivot":{"x":72.21922302246094,"y":5.199052810668945,"z":86.02761840820313},"rotation":{"x":-0.06001676991581917,"y":-0.9238250255584717,"z":0.16238778829574586,"w":-0.3414355516433716},"size":52.64895248413086,"orthographic":false}