{"cameraMode":{"drawMode":0,"name":"Shaded","section":"Shading Mode"},"sceneLighting":true,"audioPlay":false,"sceneViewState":{"showFog":false,"showMaterialUpdate":false,"showSkybox":false,"showFlares":false,"showImageEffects":false,"showParticleSystems":false},"in2DMode":false,"pivot":{"x":742.2457275390625,"y":306.2937316894531,"z":135.5068359375},"rotation":{"x":-0.009893116541206837,"y":0.032399386167526248,"z":-0.00032618659315630794,"w":-0.9994317293167114},"size":1167.5302734375,"orthographic":false}