{"cameraMode":{"drawMode":0,"name":"Shaded","section":"Shading Mode"},"sceneLighting":true,"audioPlay":false,"sceneViewState":{"showFog":false,"showMaterialUpdate":false,"showSkybox":false,"showFlares":false,"showImageEffects":false,"showParticleSystems":false},"in2DMode":false,"pivot":{"x":64.05712890625,"y":16.526107788085939,"z":-31.84334373474121},"rotation":{"x":-0.05324292927980423,"y":-0.8815589547157288,"z":0.10221760720014572,"w":-0.4579482674598694},"size":2.1006667613983156,"orthographic":false}