{"cameraMode":{"drawMode":0,"name":"Shaded","section":"Shading Mode"},"sceneLighting":true,"audioPlay":false,"sceneViewState":{"showFog":false,"showMaterialUpdate":false,"showSkybox":false,"showFlares":false,"showImageEffects":false,"showParticleSystems":false},"in2DMode":false,"pivot":{"x":63.977848052978519,"y":4.978635787963867,"z":52.22846603393555},"rotation":{"x":-0.15274854004383088,"y":0.8209020495414734,"z":-0.2579883337020874,"w":-0.4860381782054901},"size":99.30070495605469,"orthographic":false}