{"cameraMode":{"drawMode":0,"name":"Shaded","section":"Shading Mode"},"sceneLighting":true,"audioPlay":false,"sceneViewState":{"showFog":false,"showMaterialUpdate":false,"showSkybox":false,"showFlares":false,"showImageEffects":false,"showParticleSystems":false},"in2DMode":false,"pivot":{"x":64.60870361328125,"y":23.921390533447267,"z":-38.50031280517578},"rotation":{"x":0.022702541202306749,"y":0.8420677185058594,"z":-0.03532690554857254,"w":0.5379120707511902},"size":3.0502734184265138,"orthographic":false}