{"cameraMode":{"drawMode":0,"name":"Shaded","section":"Shading Mode"},"sceneLighting":true,"audioPlay":false,"sceneViewState":{"m_AlwaysRefresh":false,"showFog":true,"showSkybox":true,"showFlares":true,"showImageEffects":true,"showParticleSystems":true,"showVisualEffectGraphs":true,"m_FxEnabled":true},"in2DMode":false,"pivot":{"x":87.70700073242188,"y":18.856685638427736,"z":37.397029876708987},"rotation":{"x":0.0935221016407013,"y":-0.7571781277656555,"z":0.11119289696216583,"w":0.6368464827537537},"size":18.415624618530275,"orthographic":false}