{"cameraMode":{"drawMode":0,"name":"Shaded","section":"Shading Mode"},"sceneLighting":false,"audioPlay":false,"sceneViewState":{"showFog":true,"showMaterialUpdate":false,"showSkybox":false,"showFlares":true,"showImageEffects":true,"showParticleSystems":true},"in2DMode":false,"pivot":{"x":104.09121704101563,"y":18.899999618530275,"z":72.27067565917969},"rotation":{"x":0.22799727320671082,"y":-0.17806465923786164,"z":0.042288102209568027,"w":0.9563773274421692},"size":32.64353561401367,"orthographic":false}