{"cameraMode":{"drawMode":0,"name":"Shaded","section":"Shading Mode"},"sceneLighting":true,"audioPlay":false,"sceneViewState":{"showFog":false,"showMaterialUpdate":false,"showSkybox":false,"showFlares":false,"showImageEffects":false,"showParticleSystems":false},"in2DMode":false,"pivot":{"x":34.67627716064453,"y":22.79334831237793,"z":-42.79896926879883},"rotation":{"x":0.1858242005109787,"y":0.5316399931907654,"z":-0.11981336027383805,"w":0.817797839641571},"size":5.7996721267700199,"orthographic":false}