{"cameraMode":{"drawMode":0,"name":"Shaded","section":"Shading Mode"},"sceneLighting":false,"audioPlay":false,"sceneViewState":{"showFog":true,"showMaterialUpdate":false,"showSkybox":false,"showFlares":true,"showImageEffects":true,"showParticleSystems":true},"in2DMode":false,"pivot":{"x":104.09121704101563,"y":18.899999618530275,"z":72.27067565917969},"rotation":{"x":0.19479764997959138,"y":0.7754640579223633,"z":-0.2860848605632782,"w":0.5281345844268799},"size":136955.34375,"orthographic":false}